{"epsilons": {}, "defaultEpsilons": {"0": 1, "1": 1, "2": 0.1}, "quantization": {"quantization": {"DayOfWeek": {"type": "DoubleColumnQuantization", "granularity": 1, "globalMin": 1, "globalMax": 7}, "FlightDate": {"type": "DoubleColumnQuantization", "granularity": 86400000, "globalMin": 1451635200000, "globalMax": 1456732800000}, "UniqueCarrier": {"type": "StringColumnQuantization", "globalMax": "a", "leftBoundaries": ["9E", "AA", "AS", "B6", "CO", "DH", "DL", "EV", "F9", "FL", "G4", "GA", "HP", "KH", "MQ", "NK", "NW", "OH", "OO", "TW", "TZ", "UA", "US", "VX", "WN", "XE", "YV", "YX"]}, "Origin": {"type": "StringColumnQuantization", "globalMax": "a", "leftBoundaries": ["A", "B", "C", "D", "E", "F", "G", "H", "I", "J", "K", "L", "M", "N", "O", "P", "Q", "R", "S", "T", "U", "V", "W", "X", "Y", "Z"]}, "OriginCityName": {"type": "StringColumnQuantization", "globalMax": "a", "leftBoundaries": ["A", "B", "C", "D", "E", "F", "G", "H", "I", "J", "K", "L", "M", "N", "O", "P", "Q", "R", "S", "T", "U", "V", "W", "X", "Y", "Z"]}, "OriginState": {"type": "StringColumnQuantization", "globalMax": "a", "leftBoundaries": ["AK", "AL", "AR", "AZ", "CA", "CO", "CT", "DE", "FL", "GA", "HI", "IA", "ID", "IL", "IN", "KS", "KY", "LA", "MA", "MD", "ME", "MI", "MN", "MO", "MS", "MT", "NC", "ND", "NE", "NH", "NJ", "NM", "NV", "NY", "OH", "OK", "OR", "PA", "PR", "RI", "SC", "SD", "TN", "TT", "TX", "UT", "VA", "VT", "WA", "WI", "WV", "WY"]}, "Dest": {"type": "StringColumnQuantization", "globalMax": "a", "leftBoundaries": ["A", "B", "C", "D", "E", "F", "G", "H", "I", "J", "K", "L", "M", "N", "O", "P", "Q", "R", "S", "T", "U", "V", "W", "X", "Y", "Z"]}, "DestState": {"type": "StringColumnQuantization", "globalMax": "a", "leftBoundaries": ["AK", "AL", "AR", "AZ", "CA", "CO", "CT", "DE", "FL", "GA", "HI", "IA", "ID", "IL", "IN", "KS", "KY", "LA", "MA", "MD", "ME", "MI", "MN", "MO", "MS", "MT", "NC", "ND", "NE", "NH", "NJ", "NM", "NV", "NY", "OH", "OK", "OR", "PA", "PR", "RI", "SC", "SD", "TN", "TT", "TX", "UT", "VA", "VT", "WA", "WI", "WV", "WY"]}, "DepTime": {"type": "DoubleColumnQuantization", "granularity": 5, "globalMin": 0, "globalMax": 2400}, "DepDelay": {"type": "DoubleColumnQuantization", "granularity": 1, "globalMin": -100, "globalMax": 1000}, "ArrTime": {"type": "DoubleColumnQuantization", "granularity": 5, "globalMin": 0, "globalMax": 2400}, "ArrDelay": {"type": "DoubleColumnQuantization", "granularity": 1, "globalMin": -100, "globalMax": 1000}, "Cancelled": {"type": "DoubleColumnQuantization", "granularity": 1, "globalMin": 0, "globalMax": 1}, "ActualElapsedTime": {"type": "DoubleColumnQuantization", "granularity": 1, "globalMin": 15, "globalMax": 800}, "Distance": {"type": "DoubleColumnQuantization", "granularity": 10, "globalMin": 0, "globalMax": 5100}}}}